word,date
MAYOR,20-10-2025
MARIA,21-10-2025
SPORT,22-10-2025
TABLE,23-10-2025
FIBER,24-10-2025
GRASS,25-10-2025
BRAND,26-10-2025
SERVE,27-10-2025
SHORT,28-10-2025
WASTE,29-10-2025
CHINA,30-10-2025
SLIDE,31-10-2025
QUITE,01-11-2025
MIXED,02-11-2025
POUND,03-11-2025
SUPER,04-11-2025
PROVE,05-11-2025
QUIET,06-11-2025
CRASH,07-11-2025
NOTED,08-11-2025
NOISE,09-11-2025
SHALL,10-11-2025
BRIEF,11-11-2025
SPEAK,12-11-2025
PROOF,13-11-2025
GROWN,14-11-2025
HEART,15-11-2025
MOVIE,16-11-2025
ALERT,17-11-2025
LARGE,18-11-2025
FIGHT,19-11-2025
PETER,20-11-2025
ALLOW,21-11-2025
TOUGH,22-11-2025
DYING,23-11-2025
FUNNY,24-11-2025
LIGHT,25-11-2025
TRACK,26-11-2025
STORY,27-11-2025
LASER,28-11-2025
LEVEL,29-11-2025
BROWN,30-11-2025
SOLID,01-12-2025
CHAIR,02-12-2025
ORDER,03-12-2025
SMOKE,04-12-2025
STORE,05-12-2025
THEME,06-12-2025
LUCKY,07-12-2025
TIRED,08-12-2025
AGAIN,09-12-2025
COAST,10-12-2025
ROMAN,11-12-2025
FIRST,12-12-2025
CAUSE,13-12-2025
ABUSE,14-12-2025
SHELF,15-12-2025
TREND,16-12-2025
COVER,17-12-2025
DATED,18-12-2025
STUCK,19-12-2025
LEAST,20-12-2025
MINUS,21-12-2025
ENJOY,22-12-2025
ERROR,23-12-2025
FORCE,24-12-2025
SOUTH,25-12-2025
FRANK,26-12-2025
SIGHT,27-12-2025
WATCH,28-12-2025
ALBUM,29-12-2025
TODAY,30-12-2025
GIANT,31-12-2025
JAPAN,01-01-2026
RAPID,02-01-2026
MARCH,03-01-2026
READY,04-01-2026
MAKER,05-01-2026
WOMEN,06-01-2026
THREW,07-01-2026
DREAM,08-01-2026
SPARE,09-01-2026
WHICH,10-01-2026
THING,11-01-2026
UNITY,12-01-2026
BEGIN,13-01-2026
CLOCK,14-01-2026
FALSE,15-01-2026
WROTE,16-01-2026
PHOTO,17-01-2026
SPEED,18-01-2026
TOUCH,19-01-2026
CALIF,20-01-2026
WRITE,21-01-2026
BASIS,22-01-2026
PIECE,23-01-2026
STONE,24-01-2026
SMALL,25-01-2026
ROBIN,26-01-2026
ARRAY,27-01-2026
START,28-01-2026
VITAL,29-01-2026
CHAIN,30-01-2026
HOUSE,31-01-2026
STEAM,01-02-2026
PILOT,02-02-2026
VALUE,03-02-2026
PAINT,04-02-2026
CLEAN,05-02-2026
PRICE,06-02-2026
TRADE,07-02-2026
SLEEP,08-02-2026
WORLD,09-02-2026
UNTIL,10-02-2026
UNDUE,11-02-2026
GROUP,12-02-2026
ARGUE,13-02-2026
YIELD,14-02-2026
CYCLE,15-02-2026
OUGHT,16-02-2026
WHITE,17-02-2026
CIVIL,18-02-2026
ARENA,19-02-2026
AWARD,20-02-2026
SHOWN,21-02-2026
MOTOR,22-02-2026
LAYER,23-02-2026
CHEAP,24-02-2026
FINAL,25-02-2026
NURSE,26-02-2026
HENRY,27-02-2026
DRAMA,28-02-2026
STILL,01-03-2026
CHASE,02-03-2026
INPUT,03-03-2026
PROUD,04-03-2026
CHILD,05-03-2026
BEGAN,06-03-2026
TOPIC,07-03-2026
GUESS,08-03-2026
UNION,09-03-2026
ABOUT,10-03-2026
USAGE,11-03-2026
LEWIS,12-03-2026
SPEND,13-03-2026
AUDIT,14-03-2026
CATCH,15-03-2026
WORSE,16-03-2026
SCOPE,17-03-2026
CROSS,18-03-2026
EMPTY,19-03-2026
LATER,20-03-2026
PRIDE,21-03-2026
THERE,22-03-2026
CHECK,23-03-2026
HORSE,24-03-2026
BUILD,25-03-2026
TRIAL,26-03-2026
LUNCH,27-03-2026
CHOSE,28-03-2026
PLANE,29-03-2026
CLEAR,30-03-2026
RADIO,31-03-2026
SPACE,01-04-2026
ROGER,02-04-2026
SHOCK,03-04-2026
JONES,04-04-2026
DEALT,05-04-2026
INNER,06-04-2026
NEWLY,07-04-2026
TIGHT,08-04-2026
WHILE,09-04-2026
TRIES,10-04-2026
FRAME,11-04-2026
KNOWN,12-04-2026
MUSIC,13-04-2026
BRAIN,14-04-2026
TRUST,15-04-2026
THROW,16-04-2026
ROUND,17-04-2026
PHASE,18-04-2026
TWICE,19-04-2026
SUITE,20-04-2026
MODEL,21-04-2026
EXIST,22-04-2026
GREAT,23-04-2026
DRILL,24-04-2026
BENCH,25-04-2026
PLACE,26-04-2026
LEASE,27-04-2026
STAND,28-04-2026
SUGAR,29-04-2026
FLASH,30-04-2026
WHOLE,01-05-2026
STICK,02-05-2026
THIRD,03-05-2026
STUDY,04-05-2026
RAISE,05-05-2026
BOOTH,06-05-2026
FLOOR,07-05-2026
SHAPE,08-05-2026
NOVEL,09-05-2026
MOUTH,10-05-2026
RIGHT,11-05-2026
SINCE,12-05-2026
ADOPT,13-05-2026
GRANT,14-05-2026
SOUND,15-05-2026
BLOOD,16-05-2026
SHARP,17-05-2026
ANGLE,18-05-2026
HOTEL,19-05-2026
GIVEN,20-05-2026
POINT,21-05-2026
COULD,22-05-2026
THEFT,23-05-2026
WORTH,24-05-2026
PAPER,25-05-2026
ADULT,26-05-2026
TOTAL,27-05-2026
VIRUS,28-05-2026
SORRY,29-05-2026
APPLE,30-05-2026
WHERE,31-05-2026
TEACH,01-06-2026
DAILY,02-06-2026
FRESH,03-06-2026
BEING,04-06-2026
COACH,05-06-2026
STAKE,06-06-2026
GUIDE,07-06-2026
FRAUD,08-06-2026
LEAVE,09-06-2026
DEPTH,10-06-2026
THICK,11-06-2026
MEDIA,12-06-2026
RURAL,13-06-2026
AGREE,14-06-2026
SWEET,15-06-2026
TRIED,16-06-2026
BLACK,17-06-2026
DRAWN,18-06-2026
PLAIN,19-06-2026
SHARE,20-06-2026
OTHER,21-06-2026
STRIP,22-06-2026
SMILE,23-06-2026
LOCAL,24-06-2026
TIMES,25-06-2026
LABEL,26-06-2026
RIVER,27-06-2026
MOUSE,28-06-2026
CABLE,29-06-2026
JUDGE,30-06-2026
LEGAL,01-07-2026
ACUTE,02-07-2026
CRIME,03-07-2026
YOUTH,04-07-2026
STAGE,05-07-2026
CARRY,06-07-2026
PLANT,07-07-2026
LIMIT,08-07-2026
WOUND,09-07-2026
HAPPY,10-07-2026
MINOR,11-07-2026
ROUTE,12-07-2026
FIFTH,13-07-2026
HARRY,14-07-2026
VISIT,15-07-2026
NIGHT,16-07-2026
CROWN,17-07-2026
GRACE,18-07-2026
ENTRY,19-07-2026
NEEDS,20-07-2026
JIMMY,21-07-2026
BREAD,22-07-2026
VIDEO,23-07-2026
BASIC,24-07-2026
MONEY,25-07-2026
PRESS,26-07-2026
BREED,27-07-2026
AVOID,28-07-2026
EQUAL,29-07-2026
APPLY,30-07-2026
SHIFT,31-07-2026
SMITH,01-08-2026
BREAK,02-08-2026
MIGHT,03-08-2026
CROWD,04-08-2026
GLASS,05-08-2026
BRING,06-08-2026
FULLY,07-08-2026
OCCUR,08-08-2026
EVENT,09-08-2026
LEARN,10-08-2026
BOOST,11-08-2026
QUICK,12-08-2026
RATIO,13-08-2026
MAJOR,14-08-2026
WOMAN,15-08-2026
LAUGH,16-08-2026
BUYER,17-08-2026
FIELD,18-08-2026
PARTY,19-08-2026
EVERY,20-08-2026
MATCH,21-08-2026
THREE,22-08-2026
ROUGH,23-08-2026
SHIRT,24-08-2026
STEEL,25-08-2026
EARLY,26-08-2026
AWARE,27-08-2026
LINKS,28-08-2026
BIRTH,29-08-2026
IMAGE,30-08-2026
IDEAL,31-08-2026
BELOW,01-09-2026
TAKEN,02-09-2026
MOUNT,03-09-2026
PRIME,04-09-2026
ISSUE,05-09-2026
VOICE,06-09-2026
FIXED,07-09-2026
PRINT,08-09-2026
AUDIO,09-09-2026
BEACH,10-09-2026
CLICK,11-09-2026
GRAND,12-09-2026
ASSET,13-09-2026
DRIVE,14-09-2026
TRUCK,15-09-2026
AHEAD,16-09-2026
NORTH,17-09-2026
TEXAS,18-09-2026
THESE,19-09-2026
ARISE,20-09-2026
MAGIC,21-09-2026
SMART,22-09-2026
UNDER,23-09-2026
ADMIT,24-09-2026
EXACT,25-09-2026
STATE,26-09-2026
REACH,27-09-2026
SPLIT,28-09-2026
FIFTY,29-09-2026
BAKER,30-09-2026
BOARD,01-10-2026
FOCUS,02-10-2026
BUILT,03-10-2026
THANK,04-10-2026
DANCE,05-10-2026
FOUND,06-10-2026
SCORE,07-10-2026
INDEX,08-10-2026
SKILL,09-10-2026
DEBUT,10-10-2026
RIVAL,11-10-2026
CLASS,12-10-2026
BLOCK,13-10-2026
SEVEN,14-10-2026
TEETH,15-10-2026
HUMAN,16-10-2026
ALIKE,17-10-2026
TAXES,18-10-2026
URBAN,19-10-2026
PITCH,20-10-2026
LIVES,21-10-2026
DRESS,22-10-2026
FLEET,23-10-2026
CHART,24-10-2026
SPOKE,25-10-2026
EIGHT,26-10-2026
ALONE,27-10-2026
CHEST,28-10-2026
RANGE,29-10-2026
WATER,30-10-2026
CLOSE,31-10-2026
WHOSE,01-11-2026
NEVER,02-11-2026
FAULT,03-11-2026
CURVE,04-11-2026
COURT,05-11-2026
COUNT,06-11-2026
BASES,07-11-2026
HEAVY,08-11-2026
STORM,09-11-2026
FORTH,10-11-2026
APART,11-11-2026
ABOVE,12-11-2026
MORAL,13-11-2026
VALID,14-11-2026
ENEMY,15-11-2026
FORUM,16-11-2026
DRINK,17-11-2026
SCALE,18-11-2026
DELAY,19-11-2026
SHOOT,20-11-2026
ELITE,21-11-2026
TASTE,22-11-2026
ALARM,23-11-2026
TREAT,24-11-2026
AGENT,25-11-2026
SIXTH,26-11-2026
GOING,27-11-2026
FLUID,28-11-2026
ACTOR,29-11-2026
ENTER,30-11-2026
SHEET,01-12-2026
STUFF,02-12-2026
DOING,03-12-2026
CHIEF,04-12-2026
CREAM,05-12-2026
TERRY,06-12-2026
EXTRA,07-12-2026
FAITH,08-12-2026
JOINT,09-12-2026
WOULD,10-12-2026
UPPER,11-12-2026
EARTH,12-12-2026
GUARD,13-12-2026
OFFER,14-12-2026
YOUNG,15-12-2026
THOSE,16-12-2026
PHONE,17-12-2026
UPSET,18-12-2026
CLAIM,19-12-2026
PLATE,20-12-2026
PRIZE,21-12-2026
MAYBE,22-12-2026
TITLE,23-12-2026
AMONG,24-12-2026
SPENT,25-12-2026
OFTEN,26-12-2026
WORST,27-12-2026
FRONT,28-12-2026
LOOSE,29-12-2026
DEATH,30-12-2026
DOZEN,31-12-2026
AFTER,01-01-2027
PEACE,02-01-2027
FRUIT,03-01-2027
GLOBE,04-01-2027
SOLVE,05-01-2027
QUEEN,06-01-2027
THEIR,07-01-2027
ALONG,08-01-2027
STYLE,09-01-2027
ALTER,10-01-2027
BILLY,11-01-2027
GREEN,12-01-2027
ALIVE,13-01-2027
SIXTY,14-01-2027
CRAFT,15-01-2027
LYING,16-01-2027
DRAFT,17-01-2027
POWER,18-01-2027
LOGIC,19-01-2027
BLIND,20-01-2027
HENCE,21-01-2027
WORRY,22-01-2027
PANEL,23-01-2027
BEGUN,24-01-2027
WHEEL,25-01-2027
BROAD,26-01-2027
MEANT,27-01-2027
BLAME,28-01-2027
REFER,29-01-2027
GUEST,30-01-2027
STAFF,31-01-2027
TRUTH,01-02-2027
BOUND,02-02-2027
GRADE,03-02-2027
ANGER,04-02-2027
LOWER,05-02-2027
STOOD,06-02-2027
BROKE,07-02-2027
FORTY,08-02-2027
GROSS,09-02-2027
DOUBT,10-02-2027
BADLY,11-02-2027
TOWER,12-02-2027
STOCK,13-02-2027
ROYAL,14-02-2027
SHELL,15-02-2027
EAGER,16-02-2027
TRAIN,17-02-2027
TRULY,18-02-2027
MONTH,19-02-2027
SIZED,20-02-2027
THINK,21-02-2027
SENSE,22-02-2027
WRONG,23-02-2027
USUAL,24-02-2027
PRIOR,25-02-2027
OCEAN,26-02-2027
SCENE,27-02-2027
METAL,28-02-2027
ANGRY,01-03-2027
DROVE,02-03-2027
ASIDE,03-03-2027
